Tom Brady,
Aaron Rodgers,
Drew Brees,
Matt Ryan,
Russell Wilson,
Kirk Cousins,
Marcus Mariota,
Andrew Luck,
Cam Newton,
Derek Carr,
Jameis Winston,
Dak Prescott,
Philip Rivers,
Carson Wentz,
Ben Roethlisberger,
David Johnson,
Le'Veon Bell,
LeSean McCoy,
Devonta Freeman,
Melvin Gordon,
DeMarco Murray,
Jordan Howard,
Ezekiel Elliott,
Todd Gurley,
Leonard Fournette,
Jay Ajayi,
Kareem Hunt,
Marshawn Lynch,
Isaiah Crowell,
Lamar Miller,
Christian McCaffrey,
Ty Montgomery,
Carlos Hyde,
Bilal Powell,
Danny Woodhead,
Dalvin Cook,
Joe Mixon,
Adrian Peterson,
Rob Kelley,
Mark Ingram,
Frank Gore,
C.J. Anderson,
Matt Forte,
Terrance West,
Ameer Abdullah,
James White,
Paul Perkins,
Doug Martin,
Theo Riddick,
LeGarrette Blount,
Rex Burkhead,
Tevin Coleman,
Duke Johnson Jr,
Mike Gillislee,
Jonathan Stewart,
Antonio Brown,
Jordy Nelson,
Odell Beckham Jr,
Julio Jones,
Mike Evans,
A.J. Green,
Michael Thomas,
Brandin Cooks,
Doug Baldwin,
Dez Bryant,
Keenan Allen,
Amari Cooper,
T.Y. Hilton,
Terrelle Pryor Sr,
Davante Adams,
Alshon Jeffery,
Demaryius Thomas,
Michael Crabtree,
Golden Tate,
Kelvin Benjamin,
DeAndre Hopkins,
Brandon Marshall,
Tyreek Hill,
Martavis Bryant,
Jamison Crowder,
Larry Fitzgerald,
Emmanuel Sanders,
Pierre Garcon,
DeVante Parker,
Eric Decker,
Chris Hogan,
Sammy Watkins,
Allen Robinson,
Stefon Diggs,
Ted Ginn Jr,
Jarvis Landry,
Jeremy Maclin,
Adam Thielen,
Mike Wallace,
Donte Moncrief,
Zay Jones,
Jordan Matthews,
Rob Gronkowski,
Jordan Reed,
Travis Kelce,
Greg Olsen,
Jimmy Graham,
Kyle Rudolph,
Delanie Walker,
Tyler Eifert,
Zach Ertz,
Jack Doyle,
Hunter Henry,
Austin Hooper,
Julius Thomas,
Martellus Bennett,
Evan Engram,
Justin Tucker,
Stephen Gostkowski,
Matt Bryant,
Wil Lutz,
Adam Vinatieri,
Dan Bailey,
Caleb Sturgis,
Dustin Hopkins,
Matt Prater,
Mason Crosby,
Sebastian Janikowski,
Cairo Santos,
Steven Hauschka,
Jason Myers,
Graham Gano,
