Aaron Rodgers,
Tom Brady,
Drew Brees,
Matt Ryan,
Russell Wilson,
Cam Newton,
Kirk Cousins,
Matthew Stafford,
Jameis Winston,
Andrew Luck,
Ben Roethlisberger,
Marcus Mariota,
Derek Carr,
Dak Prescott,
Philip Rivers,
Le'Veon Bell,
David Johnson,
LeSean McCoy,
Devonta Freeman,
Melvin Gordon,
DeMarco Murray,
Todd Gurley,
Jordan Howard,
Jay Ajayi,
Ezekiel Elliott,
Isaiah Crowell,
Lamar Miller,
Leonard Fournette,
Ty Montgomery,
Carlos Hyde,
Christian McCaffrey,
Marshawn Lynch,
Dalvin Cook,
Bilal Powell,
Kareem Hunt,
Mark Ingram,
Danny Woodhead,
Joe Mixon,
Theo Riddick,
Frank Gore,
Ameer Abdullah,
Terrance West,
Duke Johnson Jr.,
Mike Gillislee,
Paul Perkins,
Tevin Coleman,
C.J. Anderson,
Adrian Peterson,
Matt Forte,
Rob Kelley,
James White,
Darren Sproles,
Darren McFadden,
C.J. Prosise,
Jonathan Stewart,
Antonio Brown,
Julio Jones,
Jordy Nelson,
Odell Beckham Jr.,
A.J. Green,
Michael Thomas,
Mike Evans,
Doug Baldwin,
Brandin Cooks,
DeAndre Hopkins,
T.Y. Hilton,
Amari Cooper,
Demaryius Thomas,
Dez Bryant,
Alshon Jeffery,
Golden Tate,
Terrelle Pryor Sr.,
Michael Crabtree,
Emmanuel Sanders,
Larry Fitzgerald,
Allen Robinson,
Jarvis Landry,
Sammy Watkins,
Jamison Crowder,
Keenan Allen,
Kelvin Benjamin,
Davante Adams,
Martavis Bryant,
Tyreek Hill,
Stefon Diggs,
Pierre Garcon,
Willie Snead,
DeVante Parker,
Brandon Marshall,
Donte Moncrief,
Adam Thielen,
DeSean Jackson,
Jeremy Maclin,
Kenny Britt,
Eric Decker,
Mike Wallace,
Tyrell Williams,
Rob Gronkowski,
Jordan Reed,
Travis Kelce,
Greg Olsen,
Kyle Rudolph,
Jimmy Graham,
Zach Ertz,
Delanie Walker,
Martellus Bennett,
Jason Witten,
Tyler Eifert,
Hunter Henry,
Eric Ebron,
Jack Doyle,
Austin Hooper,
Justin Tucker,
Stephen Gostkowski,
Matt Bryant,
Dan Bailey,
Mason Crosby,
Adam Vinatieri,
Dustin Hopkins,
Matt Prater,
Chris Boswell,
Cairo Santos,
Sebastian Janikowski,
Wil Lutz,
Younghoe Koo,
Caleb Sturgis,
Blair Walsh,
